# system info my_pll on 2024.07.18.12:28:48
system_info:
name,value
DEVICE,10CX085YF672E6G
DEVICE_FAMILY,Cyclone 10 GX
GENERATION_ID,0
#
#
# Files generated for my_pll on 2024.07.18.12:28:48
files:
filepath,kind,attributes,module,is_top
sim/my_pll.v,VERILOG,CONTAINS_INLINE_CONFIGURATION,my_pll,true
altera_iopll_1930/sim/my_pll_altera_iopll_1930_o3eqfji.vo,VERILOG,,my_pll_altera_iopll_1930_o3eqfji,false
#
# Map from instance-path to kind of module
instances:
instancePath,module
my_pll.iopll_0,my_pll_altera_iopll_1930_o3eqfji
