<?xml version="1.0" encoding="UTF-8"?>
<deploy
 date="2024.07.18.12:29:27"
 outputDirectory="/nfs/site/disks/psg_data_14/kweldon/design_files/examples/simulations/ip_simulation/Basic_IP_Sim/my_ram/">
 <perimeter>
  <parameter
     name="AUTO_GENERATION_ID"
     type="Integer"
     defaultValue="0"
     onHdl="0"
     affectsHdl="1" />
  <parameter
     name="AUTO_UNIQUE_ID"
     type="String"
     defaultValue=""
     onHdl="0"
     affectsHdl="1" />
  <parameter
     name="AUTO_DEVICE_FAMILY"
     type="String"
     defaultValue="Cyclone 10 GX"
     onHdl="0"
     affectsHdl="1" />
  <parameter
     name="AUTO_DEVICE"
     type="String"
     defaultValue="10CX085YF672E6G"
     onHdl="0"
     affectsHdl="1" />
  <parameter
     name="AUTO_DEVICE_SPEEDGRADE"
     type="String"
     defaultValue="6"
     onHdl="0"
     affectsHdl="1" />
  <parameter
     name="AUTO_CLOCK_CLOCK_RATE"
     type="Long"
     defaultValue="-1"
     onHdl="0"
     affectsHdl="1" />
  <parameter
     name="AUTO_CLOCK_CLOCK_DOMAIN"
     type="Integer"
     defaultValue="-1"
     onHdl="0"
     affectsHdl="1" />
  <parameter
     name="AUTO_CLOCK_RESET_DOMAIN"
     type="Integer"
     defaultValue="-1"
     onHdl="0"
     affectsHdl="1" />
  <interface name="data" kind="conduit" start="0">
   <property name="associatedClock" value="" />
   <property name="associatedReset" value="" />
   <property name="prSafe" value="false" />
   <port name="data" direction="input" role="datain" width="8" />
  </interface>
  <interface name="q" kind="conduit" start="0">
   <property name="associatedClock" value="" />
   <property name="associatedReset" value="" />
   <property name="prSafe" value="false" />
   <port name="q" direction="output" role="dataout" width="8" />
  </interface>
  <interface name="address" kind="conduit" start="0">
   <property name="associatedClock" value="" />
   <property name="associatedReset" value="" />
   <property name="prSafe" value="false" />
   <port name="address" direction="input" role="address" width="8" />
  </interface>
  <interface name="wren" kind="conduit" start="0">
   <property name="associatedClock" value="" />
   <property name="associatedReset" value="" />
   <property name="prSafe" value="false" />
   <port name="wren" direction="input" role="wren" width="1" />
  </interface>
  <interface name="clock" kind="clock" start="0">
   <property name="clockRate" value="0" />
   <property name="externallyDriven" value="false" />
   <property name="ptfSchematicName" value="" />
   <port name="clock" direction="input" role="clk" width="1" />
  </interface>
 </perimeter>
 <entity kind="my_ram" version="1.0" name="my_ram">
  <parameter name="AUTO_CLOCK_CLOCK_RATE" value="-1" />
  <parameter name="AUTO_CLOCK_CLOCK_DOMAIN" value="-1" />
  <parameter name="AUTO_CLOCK_RESET_DOMAIN" value="-1" />
  <parameter name="AUTO_GENERATION_ID" value="0" />
  <parameter name="AUTO_DEVICE" value="10CX085YF672E6G" />
  <parameter name="AUTO_DEVICE_FAMILY" value="Cyclone 10 GX" />
  <parameter name="AUTO_UNIQUE_ID" value="" />
  <parameter name="AUTO_DEVICE_SPEEDGRADE" value="6" />
  <generatedFiles>
   <file
       path="/nfs/site/disks/psg_data_14/kweldon/design_files/examples/simulations/ip_simulation/Basic_IP_Sim/my_ram/synth/my_ram.v"
       attributes="CONTAINS_INLINE_CONFIGURATION" />
  </generatedFiles>
  <childGeneratedFiles>
   <file
       path="/nfs/site/disks/psg_data_14/kweldon/design_files/examples/simulations/ip_simulation/Basic_IP_Sim/my_ram/synth/my_ram.v"
       attributes="CONTAINS_INLINE_CONFIGURATION" />
  </childGeneratedFiles>
  <sourceFiles>
   <file
       path="/nfs/site/disks/psg_data_14/kweldon/design_files/examples/simulations/ip_simulation/Basic_IP_Sim/my_ram.ip" />
  </sourceFiles>
  <childSourceFiles>
   <file
       path="/nfs/site/disks/swbld_archive_2/acds/20.2/50/linux64/ip/altera/megafunctions/ram_1port/ram_1_port_hw.tcl" />
  </childSourceFiles>
  <messages>
   <message level="Info" culprit="my_ram">"Generating: my_ram"</message>
   <message level="Info" culprit="my_ram">"Generating: my_ram_ram_1port_2010_xlh2djq"</message>
  </messages>
 </entity>
 <entity
   kind="ram_1port"
   version="20.1.0"
   name="my_ram_ram_1port_2010_xlh2djq">
  <parameter name="GUI_CLOCK_ENABLE_INPUT_A" value="false" />
  <parameter name="GUI_AclrData" value="false" />
  <parameter name="GUI_NUMWORDS_A" value="256" />
  <parameter name="DEVICE_FAMILY" value="Cyclone 10 GX" />
  <parameter name="GUI_RAM_BLOCK_TYPE" value="Auto" />
  <parameter name="GUI_SingleClock" value="0" />
  <parameter name="GUI_AclrAddr" value="false" />
  <parameter name="GUI_INIT_FILE_LAYOUT" value="PORT_A" />
  <parameter name="GUI_IMPLEMENT_IN_LES" value="0" />
  <parameter name="GUI_X_MASK" value="false" />
  <parameter name="GUI_MAXIMUM_DEPTH" value="0" />
  <parameter name="GUI_RegOutput" value="true" />
  <parameter name="GUI_READ_DURING_WRITE_MODE_PORT_A" value="0" />
  <parameter name="GUI_CLOCK_ENABLE_OUTPUT_A" value="false" />
  <parameter name="GUI_BYTE_SIZE" value="8" />
  <parameter name="GUI_RESOURCE_USAGE" value="1 M20K" />
  <parameter name="GUI_rden" value="false" />
  <parameter name="GUI_JTAG_ID" value="NONE" />
  <parameter name="GUI_WIDTH_A" value="8" />
  <parameter name="GUI_RegData" value="true" />
  <parameter name="GUI_FORCE_TO_ZERO" value="false" />
  <parameter name="GUI_PR" value="false" />
  <parameter name="GUI_MIFfilename" value="" />
  <parameter name="GUI_OPTIMIZATION_OPTION" value="0" />
  <parameter name="GUI_Clken" value="false" />
  <parameter name="GUI_AclrByte" value="false" />
  <parameter name="GUI_RegAddr" value="true" />
  <parameter name="GUI_JTAG_ENABLED" value="false" />
  <parameter name="GUI_INIT_TO_SIM_X" value="false" />
  <parameter name="GUI_BYTE_WIDTH" value="1" />
  <parameter name="GUI_WRCONTROL_ACLR_A" value="false" />
  <parameter name="GUI_AclrOutput" value="false" />
  <parameter name="GUI_WIDTHAD_A" value="8" />
  <parameter name="GUI_ADDRESSSTALL_A" value="false" />
  <parameter name="GUI_FILE_REFERENCE" value="0" />
  <parameter name="GUI_BYTE_ENABLE" value="false" />
  <parameter name="GUI_TBENCH" value="false" />
  <parameter name="GUI_SclrOutput" value="false" />
  <parameter name="GUI_MODULE_NAME" value="altera_syncram" />
  <parameter name="GUI_BlankMemory" value="0" />
  <generatedFiles>
   <file
       path="/nfs/site/disks/psg_data_14/kweldon/design_files/examples/simulations/ip_simulation/Basic_IP_Sim/my_ram/ram_1port_2010/synth/my_ram_ram_1port_2010_xlh2djq.v"
       attributes="" />
  </generatedFiles>
  <childGeneratedFiles>
   <file
       path="/nfs/site/disks/psg_data_14/kweldon/design_files/examples/simulations/ip_simulation/Basic_IP_Sim/my_ram/ram_1port_2010/synth/my_ram_ram_1port_2010_xlh2djq.v"
       attributes="" />
  </childGeneratedFiles>
  <sourceFiles>
   <file
       path="/nfs/site/disks/swbld_archive_2/acds/20.2/50/linux64/ip/altera/megafunctions/ram_1port/ram_1_port_hw.tcl" />
  </sourceFiles>
  <childSourceFiles/>
  <instantiator instantiator="my_ram" as="ram_1port_0" />
  <messages>
   <message level="Info" culprit="my_ram">"Generating: my_ram_ram_1port_2010_xlh2djq"</message>
  </messages>
 </entity>
</deploy>
