# system info my_ram on 2024.07.18.12:29:26
system_info:
name,value
DEVICE,10CX085YF672E6G
DEVICE_FAMILY,Cyclone 10 GX
GENERATION_ID,0
#
#
# Files generated for my_ram on 2024.07.18.12:29:26
files:
filepath,kind,attributes,module,is_top
sim/my_ram.v,VERILOG,CONTAINS_INLINE_CONFIGURATION,my_ram,true
ram_1port_2010/sim/my_ram_ram_1port_2010_xlh2djq.v,VERILOG,,my_ram_ram_1port_2010_xlh2djq,false
#
# Map from instance-path to kind of module
instances:
instancePath,module
my_ram.ram_1port_0,my_ram_ram_1port_2010_xlh2djq
